,Strain_A_1,Strain_A_1,Strain_A_1,Strain_A_2,Strain_A_2,Strain_A_2,Strain_A_3,Strain_A_3,Strain_A_3,Blank_A,Blank_A,Blank_A,Strain_B_1,Strain_B_1,Strain_B_1,Strain_B_2,Strain_B_2,Strain_B_2,Strain_B_3,Strain_B_3,Strain_B_3,,,,Strain_C_1,Strain_C_1,Strain_C_1,Strain_C_2,Strain_C_2,Strain_C_2,Strain_C_3,Strain_C_3,Strain_C_3,,,,Strain_D_1,Strain_D_1,Strain_D_1,Strain_D_2,Strain_D_2,Strain_D_2,Strain_D_3,Strain_D_3,Strain_D_3,,,,Strain_E_1,Strain_E_1,Strain_E_1,Strain_E_2,Strain_E_2,Strain_E_2,Strain_E_3,Strain_E_3,Strain_E_3,,,,Strain_F_1,Strain_F_1,Strain_F_1,Strain_F_2,Strain_F_2,Strain_F_2,Strain_F_3,Strain_F_3,Strain_F_3,,,,Strain_G_1,Strain_G_1,Strain_G_1,Strain_G_2,Strain_G_2,Strain_G_2,Strain_G_3,Strain_G_3,Strain_G_3,,,,Strain_H_1,Strain_H_1,Strain_H_1,Strain_H_2,Strain_H_2,Strain_H_2,Strain_H_3,Strain_H_3,Strain_H_3
0 s,0.099,0.1,0.103,0.102,0.103,0.103,0.104,0.113,0.102,0.1,0.09,0.087,0.094,0.096,0.099,0.096,0.096,0.095,0.095,0.099,0.105,,,,0.094,0.095,0.096,0.1,0.096,0.099,0.095,0.1,0.1,,,,0.096,0.096,0.099,0.098,0.099,0.1,0.099,0.1,0.099,,,,0.093,0.095,0.095,0.096,0.097,0.097,0.095,0.099,0.099,,,,0.095,0.096,0.098,0.098,0.099,0.099,0.095,0.1,0.097,,,,0.094,0.095,0.096,0.095,0.097,0.098,0.095,0.099,0.099,,,,0.095,0.099,0.099,0.098,0.1,0.099,0.095,0.099,0.1
1800 s,0.116,0.116,0.118,0.115,0.118,0.118,0.121,0.131,0.12,0.105,0.091,0.088,0.106,0.108,0.11,0.107,0.107,0.106,0.108,0.114,0.121,,,,0.105,0.106,0.107,0.111,0.106,0.108,0.107,0.114,0.115,,,,0.108,0.108,0.111,0.108,0.11,0.111,0.111,0.113,0.112,,,,0.104,0.106,0.107,0.11,0.11,0.111,0.107,0.112,0.112,,,,0.105,0.107,0.109,0.109,0.11,0.109,0.105,0.112,0.108,,,,0.106,0.107,0.108,0.107,0.109,0.11,0.106,0.111,0.111,,,,0.107,0.111,0.111,0.11,0.113,0.111,0.109,0.114,0.114
3600 s,0.152,0.148,0.149,0.144,0.15,0.153,0.158,0.17,0.157,0.106,0.092,0.089,0.124,0.123,0.126,0.121,0.121,0.122,0.129,0.137,0.145,,,,0.123,0.124,0.125,0.127,0.123,0.126,0.128,0.136,0.138,,,,0.128,0.129,0.133,0.125,0.128,0.128,0.132,0.135,0.134,,,,0.125,0.126,0.127,0.133,0.134,0.134,0.128,0.134,0.135,,,,0.126,0.127,0.13,0.13,0.131,0.13,0.124,0.131,0.129,,,,0.128,0.129,0.13,0.133,0.137,0.138,0.127,0.134,0.135,,,,0.131,0.134,0.135,0.133,0.136,0.135,0.133,0.139,0.14
5400 s,0.212,0.203,0.204,0.197,0.204,0.209,0.223,0.235,0.217,0.108,0.094,0.09,0.157,0.147,0.149,0.143,0.146,0.148,0.162,0.173,0.184,,,,0.157,0.148,0.148,0.149,0.149,0.152,0.159,0.168,0.172,,,,0.162,0.162,0.165,0.148,0.154,0.153,0.164,0.168,0.169,,,,0.163,0.159,0.16,0.169,0.17,0.169,0.162,0.169,0.173,,,,0.165,0.161,0.164,0.164,0.166,0.164,0.156,0.165,0.165,,,,0.169,0.165,0.166,0.181,0.186,0.188,0.16,0.168,0.173,,,,0.177,0.178,0.177,0.175,0.18,0.178,0.173,0.184,0.188
7200 s,0.271,0.265,0.271,0.262,0.264,0.258,0.268,0.284,0.267,0.109,0.094,0.091,0.199,0.176,0.177,0.172,0.175,0.179,0.2,0.211,0.223,,,,0.203,0.183,0.181,0.182,0.183,0.189,0.195,0.208,0.214,,,,0.205,0.201,0.203,0.178,0.185,0.186,0.2,0.206,0.211,,,,0.213,0.201,0.2,0.211,0.211,0.209,0.205,0.212,0.219,,,,0.214,0.205,0.206,0.208,0.209,0.206,0.198,0.208,0.213,,,,0.218,0.209,0.21,0.23,0.237,0.238,0.205,0.215,0.226,,,,0.229,0.226,0.225,0.222,0.229,0.224,0.219,0.235,0.243
9000 s,0.298,0.301,0.319,0.298,0.29,0.28,0.29,0.309,0.285,0.109,0.095,0.09,0.238,0.206,0.205,0.203,0.207,0.211,0.228,0.239,0.254,,,,0.249,0.218,0.212,0.215,0.213,0.222,0.227,0.236,0.246,,,,0.242,0.233,0.232,0.211,0.22,0.222,0.234,0.239,0.247,,,,0.254,0.234,0.23,0.241,0.239,0.238,0.238,0.244,0.255,,,,0.256,0.242,0.24,0.242,0.242,0.24,0.233,0.241,0.254,,,,0.252,0.243,0.243,0.263,0.265,0.264,0.24,0.251,0.269,,,,0.263,0.263,0.26,0.255,0.262,0.26,0.252,0.269,0.281
10800 s,0.31,0.317,0.348,0.326,0.307,0.293,0.307,0.314,0.296,0.114,0.096,0.091,0.265,0.226,0.224,0.223,0.227,0.23,0.249,0.26,0.276,,,,0.279,0.24,0.233,0.234,0.236,0.249,0.255,0.262,0.273,,,,0.264,0.254,0.253,0.233,0.243,0.248,0.265,0.267,0.275,,,,0.281,0.259,0.256,0.27,0.266,0.264,0.269,0.271,0.283,,,,0.281,0.268,0.267,0.27,0.269,0.266,0.261,0.267,0.285,,,,0.274,0.263,0.266,0.284,0.287,0.285,0.265,0.276,0.296,,,,0.288,0.289,0.285,0.279,0.285,0.285,0.275,0.29,0.304
12600 s,0.326,0.334,0.374,0.336,0.312,0.304,0.318,0.323,0.3,0.111,0.095,0.091,0.286,0.244,0.24,0.238,0.242,0.245,0.263,0.272,0.288,,,,0.296,0.258,0.251,0.253,0.254,0.269,0.275,0.277,0.29,,,,0.278,0.268,0.268,0.251,0.261,0.269,0.286,0.282,0.29,,,,0.296,0.272,0.272,0.286,0.283,0.281,0.29,0.287,0.3,,,,0.297,0.285,0.289,0.292,0.29,0.285,0.28,0.286,0.304,,,,0.288,0.275,0.28,0.294,0.295,0.291,0.278,0.288,0.313,,,,0.299,0.301,0.297,0.292,0.298,0.297,0.285,0.302,0.313
14400 s,0.34,0.338,0.401,0.342,0.325,0.308,0.327,0.325,0.323,0.112,0.095,0.091,0.296,0.255,0.252,0.251,0.254,0.256,0.271,0.282,0.301,,,,0.309,0.265,0.258,0.262,0.263,0.281,0.288,0.288,0.299,,,,0.288,0.274,0.275,0.257,0.268,0.279,0.302,0.294,0.301,,,,0.309,0.281,0.284,0.302,0.296,0.295,0.305,0.298,0.31,,,,0.308,0.295,0.302,0.307,0.304,0.297,0.293,0.296,0.318,,,,0.301,0.287,0.292,0.304,0.304,0.301,0.288,0.298,0.323,,,,0.31,0.309,0.305,0.298,0.305,0.305,0.294,0.312,0.322
16200 s,0.351,0.348,0.434,0.35,0.336,0.314,0.33,0.335,0.337,0.112,0.096,0.091,0.304,0.261,0.258,0.257,0.259,0.262,0.278,0.289,0.309,,,,0.322,0.271,0.262,0.271,0.272,0.295,0.302,0.297,0.308,,,,0.301,0.281,0.284,0.262,0.275,0.289,0.321,0.306,0.309,,,,0.324,0.291,0.295,0.316,0.309,0.309,0.321,0.309,0.321,,,,0.324,0.305,0.315,0.322,0.316,0.309,0.305,0.306,0.328,,,,0.311,0.295,0.303,0.314,0.313,0.309,0.298,0.308,0.334,,,,0.316,0.317,0.311,0.304,0.311,0.311,0.3,0.32,0.329
18000 s,0.358,0.36,0.457,0.372,0.345,0.32,0.338,0.342,0.338,0.112,0.096,0.091,0.314,0.27,0.265,0.264,0.268,0.27,0.286,0.297,0.318,,,,0.331,0.278,0.271,0.278,0.282,0.308,0.316,0.307,0.315,,,,0.307,0.29,0.295,0.27,0.284,0.303,0.338,0.318,0.318,,,,0.339,0.299,0.305,0.33,0.321,0.323,0.336,0.32,0.33,,,,0.338,0.312,0.324,0.334,0.326,0.317,0.315,0.316,0.339,,,,0.319,0.3,0.309,0.323,0.322,0.317,0.306,0.315,0.343,,,,0.327,0.324,0.319,0.312,0.319,0.32,0.308,0.328,0.341
19800 s,0.364,0.376,0.485,0.395,0.357,0.326,0.345,0.351,0.348,0.113,0.097,0.091,0.32,0.277,0.273,0.271,0.273,0.276,0.291,0.303,0.327,,,,0.338,0.283,0.278,0.285,0.288,0.322,0.328,0.315,0.321,,,,0.311,0.294,0.3,0.279,0.293,0.313,0.352,0.326,0.322,,,,0.35,0.306,0.315,0.343,0.331,0.337,0.353,0.329,0.337,,,,0.353,0.321,0.335,0.351,0.339,0.33,0.327,0.327,0.347,,,,0.326,0.305,0.315,0.333,0.329,0.325,0.311,0.321,0.356,,,,0.334,0.327,0.322,0.315,0.323,0.324,0.311,0.33,0.352
21599 s,0.366,0.399,0.495,0.404,0.365,0.332,0.348,0.364,0.356,0.113,0.097,0.091,0.321,0.279,0.276,0.274,0.276,0.278,0.296,0.309,0.333,,,,0.346,0.286,0.281,0.289,0.292,0.334,0.343,0.324,0.329,,,,0.314,0.298,0.305,0.291,0.306,0.331,0.369,0.335,0.328,,,,0.358,0.31,0.321,0.357,0.343,0.354,0.371,0.337,0.344,,,,0.376,0.327,0.345,0.367,0.35,0.339,0.338,0.336,0.351,,,,0.328,0.308,0.319,0.345,0.342,0.331,0.316,0.325,0.366,,,,0.347,0.333,0.326,0.32,0.327,0.329,0.316,0.334,0.364
23400 s,0.363,0.407,0.499,0.422,0.371,0.33,0.347,0.354,0.367,0.113,0.097,0.091,0.328,0.279,0.277,0.277,0.276,0.279,0.299,0.313,0.336,,,,0.35,0.287,0.282,0.289,0.294,0.346,0.357,0.33,0.334,,,,0.319,0.301,0.309,0.297,0.314,0.344,0.386,0.343,0.334,,,,0.366,0.315,0.332,0.378,0.358,0.372,0.392,0.349,0.35,,,,0.408,0.333,0.356,0.384,0.36,0.35,0.349,0.342,0.361,,,,0.335,0.312,0.324,0.357,0.347,0.338,0.32,0.328,0.369,,,,0.364,0.337,0.33,0.325,0.331,0.332,0.319,0.339,0.385
25199 s,0.356,0.425,0.512,0.43,0.37,0.336,0.347,0.364,0.363,0.113,0.097,0.091,0.332,0.279,0.275,0.276,0.274,0.279,0.301,0.317,0.341,,,,0.354,0.289,0.282,0.293,0.297,0.362,0.374,0.339,0.342,,,,0.321,0.301,0.314,0.301,0.321,0.355,0.404,0.351,0.34,,,,0.376,0.32,0.345,0.398,0.378,0.393,0.415,0.358,0.361,,,,0.418,0.34,0.37,0.405,0.374,0.364,0.363,0.351,0.368,,,,0.342,0.315,0.33,0.372,0.36,0.348,0.325,0.332,0.386,,,,0.372,0.342,0.334,0.33,0.334,0.335,0.321,0.342,0.39
27000 s,0.358,0.43,0.507,0.443,0.368,0.343,0.344,0.364,0.369,0.113,0.096,0.091,0.336,0.28,0.276,0.277,0.277,0.281,0.303,0.32,0.345,,,,0.364,0.291,0.283,0.294,0.298,0.376,0.391,0.347,0.347,,,,0.337,0.305,0.324,0.3,0.328,0.367,0.421,0.358,0.351,,,,0.393,0.325,0.361,0.42,0.4,0.415,0.44,0.366,0.37,,,,0.431,0.346,0.386,0.427,0.389,0.379,0.377,0.359,0.377,,,,0.357,0.319,0.336,0.388,0.376,0.361,0.332,0.336,0.4,,,,0.382,0.346,0.337,0.334,0.338,0.338,0.324,0.348,0.419
28800 s,0.36,0.445,0.518,0.443,0.374,0.348,0.337,0.365,0.376,0.103,0.092,0.088,0.339,0.278,0.276,0.276,0.276,0.283,0.308,0.329,0.352,,,,0.376,0.29,0.281,0.295,0.302,0.392,0.411,0.356,0.354,,,,0.337,0.302,0.32,0.284,0.32,0.363,0.434,0.356,0.353,,,,0.407,0.328,0.373,0.444,0.423,0.437,0.459,0.375,0.376,,,,0.423,0.342,0.384,0.426,0.385,0.371,0.375,0.357,0.384,,,,0.359,0.321,0.34,0.399,0.383,0.366,0.332,0.337,0.407,,,,0.421,0.344,0.333,0.329,0.333,0.336,0.324,0.346,0.433
30600 s,0.359,0.426,0.504,0.43,0.372,0.352,0.335,0.377,0.379,0.114,0.097,0.091,0.343,0.28,0.275,0.277,0.275,0.281,0.308,0.326,0.372,,,,0.379,0.294,0.284,0.304,0.302,0.403,0.425,0.357,0.358,,,,0.347,0.311,0.349,0.29,0.343,0.387,0.45,0.369,0.367,,,,0.421,0.34,0.398,0.462,0.445,0.455,0.473,0.381,0.388,,,,0.464,0.36,0.426,0.474,0.427,0.415,0.412,0.373,0.406,,,,0.373,0.326,0.351,0.421,0.4,0.384,0.343,0.344,0.443,,,,0.454,0.356,0.346,0.348,0.349,0.349,0.335,0.368,0.5
32400 s,0.368,0.427,0.511,0.436,0.377,0.355,0.337,0.369,0.396,0.113,0.097,0.091,0.347,0.282,0.277,0.278,0.279,0.28,0.311,0.329,0.392,,,,0.389,0.298,0.29,0.314,0.307,0.418,0.441,0.362,0.364,,,,0.345,0.315,0.364,0.284,0.349,0.395,0.459,0.375,0.372,,,,0.429,0.348,0.42,0.481,0.467,0.474,0.484,0.393,0.403,,,,0.476,0.37,0.447,0.494,0.446,0.433,0.433,0.383,0.418,,,,0.39,0.329,0.359,0.441,0.422,0.402,0.358,0.349,0.453,,,,0.449,0.36,0.351,0.358,0.354,0.352,0.341,0.378,0.531
34200 s,0.373,0.426,0.506,0.448,0.377,0.356,0.339,0.368,0.409,0.112,0.096,0.091,0.349,0.282,0.277,0.279,0.279,0.283,0.316,0.331,0.411,,,,0.394,0.302,0.295,0.327,0.316,0.431,0.451,0.369,0.377,,,,0.352,0.321,0.38,0.279,0.352,0.401,0.467,0.384,0.382,,,,0.442,0.359,0.444,0.496,0.485,0.485,0.486,0.404,0.415,,,,0.484,0.381,0.468,0.51,0.462,0.449,0.451,0.389,0.44,,,,0.38,0.338,0.371,0.462,0.434,0.419,0.373,0.359,0.472,,,,0.455,0.366,0.357,0.371,0.361,0.356,0.347,0.393,0.561
36000 s,0.383,0.418,0.486,0.441,0.375,0.359,0.341,0.374,0.418,0.113,0.097,0.091,0.348,0.283,0.279,0.282,0.28,0.285,0.322,0.337,0.435,,,,0.379,0.307,0.302,0.342,0.324,0.444,0.461,0.375,0.389,,,,0.354,0.329,0.4,0.277,0.357,0.407,0.472,0.394,0.394,,,,0.463,0.372,0.466,0.51,0.505,0.5,0.486,0.419,0.433,,,,0.502,0.393,0.492,0.529,0.484,0.477,0.478,0.405,0.455,,,,0.41,0.347,0.386,0.487,0.454,0.438,0.395,0.376,0.504,,,,0.444,0.371,0.365,0.383,0.371,0.364,0.357,0.41,0.584
37800 s,0.394,0.43,0.473,0.464,0.371,0.363,0.344,0.37,0.393,0.114,0.097,0.091,0.346,0.286,0.281,0.285,0.282,0.288,0.331,0.344,0.458,,,,0.379,0.309,0.306,0.354,0.33,0.456,0.468,0.384,0.398,,,,0.358,0.336,0.417,0.275,0.36,0.412,0.474,0.405,0.408,,,,0.458,0.384,0.488,0.524,0.52,0.507,0.48,0.434,0.451,,,,0.498,0.412,0.516,0.55,0.512,0.506,0.506,0.424,0.487,,,,0.402,0.358,0.407,0.518,0.48,0.464,0.425,0.397,0.514,,,,0.463,0.379,0.376,0.405,0.385,0.379,0.373,0.417,0.62
39600 s,0.41,0.42,0.459,0.447,0.375,0.372,0.347,0.371,0.41,0.112,0.096,0.091,0.346,0.287,0.281,0.287,0.285,0.289,0.339,0.35,0.474,,,,0.368,0.313,0.313,0.369,0.336,0.466,0.471,0.392,0.413,,,,0.353,0.345,0.433,0.275,0.363,0.417,0.473,0.415,0.417,,,,0.464,0.395,0.506,0.538,0.531,0.509,0.475,0.447,0.471,,,,0.505,0.427,0.535,0.568,0.537,0.533,0.53,0.442,0.513,,,,0.434,0.37,0.433,0.55,0.505,0.486,0.449,0.416,0.521,,,,0.485,0.391,0.388,0.422,0.4,0.386,0.386,0.432,0.614
41400 s,0.418,0.424,0.456,0.445,0.38,0.374,0.351,0.369,0.423,0.112,0.097,0.091,0.345,0.289,0.283,0.289,0.286,0.289,0.351,0.356,0.493,,,,0.362,0.316,0.322,0.38,0.344,0.473,0.467,0.399,0.424,,,,0.352,0.354,0.451,0.273,0.367,0.421,0.466,0.422,0.418,,,,0.466,0.408,0.521,0.548,0.536,0.507,0.47,0.459,0.49,,,,0.508,0.443,0.551,0.58,0.558,0.548,0.542,0.456,0.535,,,,0.418,0.384,0.461,0.578,0.537,0.512,0.475,0.439,0.556,,,,0.464,0.405,0.401,0.442,0.417,0.399,0.4,0.434,0.592
43200 s,0.424,0.444,0.43,0.443,0.382,0.377,0.357,0.374,0.412,0.113,0.097,0.091,0.345,0.29,0.283,0.289,0.286,0.291,0.361,0.364,0.503,,,,0.364,0.318,0.328,0.392,0.352,0.476,0.458,0.409,0.441,,,,0.349,0.366,0.466,0.272,0.369,0.424,0.459,0.431,0.44,,,,0.468,0.419,0.532,0.554,0.539,0.509,0.475,0.474,0.517,,,,0.496,0.461,0.566,0.587,0.574,0.566,0.558,0.477,0.553,,,,0.434,0.39,0.479,0.594,0.554,0.525,0.485,0.454,0.584,,,,0.449,0.423,0.414,0.461,0.44,0.423,0.414,0.468,0.597
44999 s,0.427,0.437,0.414,0.442,0.379,0.382,0.363,0.379,0.412,0.112,0.096,0.091,0.342,0.292,0.285,0.293,0.289,0.294,0.37,0.37,0.52,,,,0.362,0.323,0.337,0.406,0.358,0.478,0.454,0.415,0.454,,,,0.348,0.373,0.482,0.269,0.372,0.428,0.456,0.441,0.451,,,,0.458,0.427,0.541,0.553,0.539,0.511,0.48,0.481,0.524,,,,0.499,0.475,0.573,0.583,0.579,0.572,0.56,0.494,0.578,,,,0.455,0.403,0.509,0.619,0.594,0.577,0.51,0.479,0.619,,,,0.466,0.441,0.425,0.482,0.456,0.439,0.429,0.468,0.584
46800 s,0.426,0.433,0.413,0.441,0.374,0.38,0.371,0.382,0.417,0.111,0.096,0.091,0.34,0.294,0.289,0.297,0.29,0.296,0.379,0.377,0.542,,,,0.359,0.326,0.343,0.418,0.366,0.481,0.455,0.419,0.465,,,,0.342,0.384,0.493,0.266,0.371,0.431,0.459,0.444,0.458,,,,0.459,0.439,0.548,0.553,0.541,0.516,0.485,0.494,0.537,,,,0.491,0.49,0.574,0.579,0.586,0.579,0.566,0.505,0.587,,,,0.435,0.411,0.529,0.63,0.626,0.594,0.526,0.486,0.634,,,,0.441,0.456,0.435,0.498,0.466,0.449,0.444,0.496,0.569
48599 s,0.422,0.431,0.41,0.438,0.382,0.383,0.381,0.383,0.41,0.113,0.097,0.091,0.341,0.295,0.29,0.3,0.292,0.297,0.388,0.386,0.546,,,,0.357,0.328,0.348,0.428,0.371,0.484,0.458,0.423,0.475,,,,0.337,0.395,0.507,0.262,0.37,0.433,0.464,0.447,0.474,,,,0.445,0.452,0.559,0.554,0.545,0.521,0.489,0.503,0.555,,,,0.473,0.499,0.575,0.578,0.591,0.587,0.57,0.52,0.598,,,,0.465,0.417,0.541,0.638,0.648,0.619,0.534,0.493,0.643,,,,0.451,0.468,0.444,0.516,0.485,0.46,0.455,0.523,0.554
50400 s,0.418,0.411,0.405,0.42,0.378,0.384,0.389,0.39,0.405,0.111,0.096,0.091,0.341,0.297,0.293,0.303,0.293,0.3,0.396,0.394,0.555,,,,0.356,0.331,0.354,0.439,0.38,0.487,0.465,0.426,0.482,,,,0.338,0.401,0.517,0.254,0.364,0.433,0.47,0.449,0.484,,,,0.436,0.461,0.567,0.558,0.549,0.526,0.494,0.512,0.567,,,,0.472,0.507,0.577,0.583,0.596,0.595,0.577,0.525,0.607,,,,0.446,0.422,0.552,0.644,0.661,0.65,0.543,0.5,0.658,,,,0.443,0.483,0.461,0.539,0.504,0.481,0.477,0.559,0.525
52200 s,0.413,0.405,0.409,0.417,0.396,0.389,0.396,0.397,0.404,0.112,0.097,0.091,0.341,0.299,0.295,0.305,0.297,0.302,0.401,0.403,0.553,,,,0.351,0.334,0.357,0.449,0.384,0.489,0.47,0.43,0.493,,,,0.337,0.41,0.527,0.251,0.364,0.434,0.476,0.453,0.491,,,,0.43,0.474,0.574,0.562,0.554,0.529,0.497,0.52,0.572,,,,0.449,0.518,0.58,0.584,0.599,0.601,0.582,0.534,0.61,,,,0.444,0.434,0.567,0.638,0.63,0.657,0.561,0.516,0.658,,,,0.45,0.497,0.482,0.562,0.527,0.497,0.499,0.581,0.506
54000 s,0.408,0.399,0.405,0.414,0.394,0.396,0.404,0.404,0.406,0.112,0.097,0.091,0.344,0.298,0.294,0.303,0.295,0.302,0.405,0.403,0.564,,,,0.348,0.334,0.357,0.45,0.387,0.492,0.474,0.43,0.496,,,,0.335,0.414,0.53,0.245,0.359,0.434,0.482,0.455,0.497,,,,0.413,0.483,0.58,0.57,0.557,0.534,0.503,0.528,0.577,,,,0.442,0.53,0.585,0.588,0.602,0.608,0.588,0.542,0.613,,,,0.453,0.445,0.582,0.615,0.603,0.623,0.571,0.526,0.662,,,,0.451,0.504,0.499,0.582,0.549,0.515,0.514,0.587,0.509
55800 s,0.402,0.394,0.408,0.406,0.395,0.399,0.412,0.407,0.4,0.111,0.096,0.091,0.342,0.3,0.298,0.308,0.297,0.303,0.414,0.409,0.577,,,,0.345,0.335,0.356,0.45,0.388,0.497,0.478,0.434,0.501,,,,0.334,0.414,0.537,0.24,0.355,0.435,0.485,0.461,0.51,,,,0.396,0.495,0.589,0.573,0.561,0.537,0.507,0.536,0.581,,,,0.421,0.54,0.587,0.589,0.604,0.611,0.59,0.548,0.612,,,,0.437,0.454,0.593,0.582,0.578,0.608,0.586,0.532,0.666,,,,0.457,0.508,0.512,0.605,0.563,0.531,0.527,0.591,0.501
57600 s,0.4,0.389,0.403,0.399,0.394,0.396,0.419,0.41,0.399,0.112,0.097,0.091,0.342,0.3,0.298,0.307,0.295,0.3,0.417,0.409,0.574,,,,0.343,0.335,0.359,0.454,0.394,0.502,0.482,0.437,0.499,,,,0.332,0.417,0.54,0.235,0.352,0.434,0.49,0.463,0.511,,,,0.395,0.497,0.586,0.577,0.563,0.543,0.514,0.535,0.586,,,,0.401,0.55,0.59,0.592,0.607,0.615,0.595,0.554,0.615,,,,0.425,0.466,0.606,0.566,0.571,0.596,0.598,0.54,0.656,,,,0.456,0.509,0.527,0.621,0.59,0.55,0.532,0.585,0.455
59400 s,0.398,0.385,0.402,0.395,0.394,0.397,0.421,0.414,0.404,0.112,0.097,0.091,0.342,0.298,0.297,0.305,0.294,0.299,0.423,0.412,0.581,,,,0.341,0.335,0.358,0.455,0.395,0.504,0.486,0.437,0.501,,,,0.329,0.421,0.546,0.232,0.35,0.433,0.495,0.465,0.513,,,,0.381,0.51,0.592,0.58,0.568,0.547,0.519,0.539,0.59,,,,0.398,0.561,0.592,0.595,0.61,0.619,0.598,0.557,0.63,,,,0.432,0.475,0.615,0.567,0.581,0.603,0.607,0.539,0.669,,,,0.464,0.508,0.542,0.629,0.61,0.569,0.537,0.591,0.452
61200 s,0.39,0.382,0.399,0.395,0.394,0.397,0.426,0.414,0.404,0.112,0.097,0.091,0.341,0.298,0.296,0.305,0.292,0.297,0.425,0.416,0.593,,,,0.34,0.336,0.357,0.458,0.396,0.506,0.489,0.436,0.506,,,,0.329,0.418,0.546,0.223,0.339,0.429,0.497,0.462,0.514,,,,0.376,0.518,0.594,0.583,0.572,0.552,0.523,0.543,0.59,,,,0.388,0.573,0.594,0.597,0.613,0.625,0.601,0.563,0.625,,,,0.416,0.492,0.626,0.574,0.582,0.609,0.618,0.547,0.66,,,,0.474,0.496,0.542,0.631,0.613,0.576,0.535,0.58,0.447
63000 s,0.383,0.381,0.398,0.394,0.395,0.399,0.43,0.417,0.408,0.113,0.097,0.091,0.341,0.296,0.294,0.301,0.29,0.296,0.433,0.417,0.598,,,,0.338,0.335,0.35,0.446,0.39,0.507,0.492,0.437,0.507,,,,0.327,0.417,0.548,0.218,0.334,0.428,0.5,0.466,0.518,,,,0.372,0.529,0.596,0.586,0.572,0.554,0.526,0.54,0.591,,,,0.382,0.583,0.591,0.597,0.61,0.621,0.597,0.565,0.621,,,,0.408,0.502,0.636,0.583,0.592,0.624,0.628,0.554,0.635,,,,0.482,0.489,0.54,0.633,0.621,0.577,0.532,0.572,0.439
64800 s,0.373,0.381,0.397,0.395,0.395,0.401,0.43,0.415,0.403,0.102,0.092,0.088,0.339,0.29,0.285,0.295,0.287,0.296,0.438,0.431,0.605,,,,0.335,0.326,0.333,0.428,0.388,0.516,0.504,0.448,0.516,,,,0.327,0.388,0.512,0.195,0.292,0.406,0.507,0.462,0.522,,,,0.369,0.508,0.595,0.598,0.58,0.566,0.54,0.542,0.603,,,,0.381,0.568,0.588,0.594,0.601,0.608,0.592,0.551,0.626,,,,0.401,0.49,0.628,0.6,0.619,0.643,0.618,0.547,0.629,,,,0.481,0.467,0.507,0.605,0.578,0.552,0.503,0.544,0.443
66600 s,0.366,0.383,0.396,0.396,0.391,0.396,0.432,0.421,0.406,0.112,0.097,0.091,0.341,0.293,0.292,0.299,0.285,0.292,0.439,0.425,0.601,,,,0.334,0.335,0.351,0.449,0.392,0.51,0.494,0.437,0.518,,,,0.323,0.431,0.556,0.213,0.326,0.425,0.499,0.468,0.525,,,,0.371,0.552,0.602,0.59,0.576,0.56,0.536,0.54,0.587,,,,0.38,0.603,0.6,0.606,0.616,0.632,0.606,0.571,0.612,,,,0.396,0.532,0.659,0.6,0.631,0.651,0.646,0.574,0.606,,,,0.486,0.483,0.531,0.621,0.621,0.587,0.518,0.552,0.45
68400 s,0.361,0.382,0.393,0.394,0.393,0.396,0.433,0.422,0.406,0.112,0.097,0.091,0.342,0.292,0.29,0.299,0.285,0.291,0.439,0.426,0.603,,,,0.335,0.335,0.346,0.442,0.389,0.515,0.499,0.439,0.526,,,,0.322,0.424,0.552,0.204,0.314,0.42,0.509,0.47,0.536,,,,0.37,0.559,0.604,0.592,0.58,0.565,0.539,0.544,0.594,,,,0.381,0.612,0.599,0.61,0.617,0.632,0.607,0.571,0.626,,,,0.394,0.54,0.661,0.61,0.632,0.651,0.654,0.576,0.599,,,,0.487,0.482,0.523,0.61,0.607,0.581,0.511,0.527,0.453
70199 s,0.356,0.381,0.391,0.393,0.39,0.396,0.433,0.423,0.406,0.112,0.097,0.091,0.343,0.289,0.29,0.297,0.282,0.289,0.44,0.426,0.616,,,,0.335,0.335,0.341,0.437,0.385,0.512,0.502,0.438,0.53,,,,0.322,0.427,0.554,0.2,0.307,0.417,0.515,0.471,0.542,,,,0.371,0.568,0.605,0.597,0.583,0.568,0.543,0.545,0.589,,,,0.38,0.623,0.605,0.613,0.624,0.639,0.614,0.576,0.62,,,,0.395,0.554,0.672,0.62,0.643,0.66,0.666,0.591,0.601,,,,0.485,0.479,0.512,0.588,0.592,0.57,0.505,0.506,0.455
72000 s,0.352,0.38,0.388,0.395,0.391,0.396,0.433,0.423,0.406,0.112,0.097,0.092,0.346,0.288,0.287,0.294,0.279,0.288,0.448,0.424,0.622,,,,0.336,0.334,0.342,0.438,0.386,0.515,0.504,0.437,0.532,,,,0.324,0.43,0.55,0.195,0.298,0.412,0.516,0.468,0.542,,,,0.373,0.574,0.609,0.601,0.584,0.572,0.547,0.541,0.597,,,,0.379,0.625,0.607,0.617,0.622,0.639,0.616,0.576,0.611,,,,0.398,0.559,0.674,0.627,0.649,0.666,0.667,0.596,0.591,,,,0.483,0.482,0.505,0.578,0.579,0.561,0.496,0.508,0.457
73800 s,0.349,0.381,0.387,0.393,0.389,0.395,0.433,0.424,0.406,0.112,0.097,0.091,0.348,0.286,0.285,0.292,0.276,0.285,0.449,0.423,0.607,,,,0.335,0.334,0.337,0.433,0.383,0.519,0.506,0.439,0.529,,,,0.325,0.434,0.553,0.192,0.291,0.41,0.519,0.473,0.546,,,,0.372,0.583,0.614,0.603,0.587,0.576,0.55,0.545,0.592,,,,0.38,0.631,0.613,0.623,0.627,0.647,0.623,0.581,0.613,,,,0.398,0.563,0.68,0.639,0.655,0.669,0.672,0.612,0.594,,,,0.48,0.478,0.509,0.561,0.583,0.552,0.496,0.489,0.461
75600 s,0.347,0.38,0.387,0.393,0.39,0.394,0.433,0.425,0.407,0.112,0.097,0.092,0.351,0.284,0.282,0.289,0.274,0.283,0.449,0.426,0.612,,,,0.338,0.335,0.338,0.435,0.384,0.52,0.508,0.442,0.532,,,,0.33,0.432,0.554,0.187,0.282,0.404,0.519,0.473,0.552,,,,0.374,0.589,0.615,0.606,0.591,0.579,0.553,0.548,0.591,,,,0.378,0.641,0.62,0.626,0.634,0.654,0.63,0.585,0.612,,,,0.403,0.579,0.692,0.644,0.654,0.667,0.684,0.616,0.569,,,,0.476,0.476,0.499,0.552,0.575,0.539,0.494,0.485,0.463
77400 s,0.345,0.381,0.387,0.393,0.391,0.393,0.433,0.426,0.404,0.112,0.097,0.092,0.354,0.284,0.284,0.29,0.273,0.282,0.452,0.431,0.622,,,,0.34,0.337,0.338,0.434,0.383,0.526,0.51,0.449,0.536,,,,0.338,0.44,0.562,0.186,0.28,0.403,0.523,0.481,0.559,,,,0.373,0.601,0.618,0.61,0.596,0.582,0.553,0.55,0.593,,,,0.379,0.652,0.621,0.626,0.633,0.655,0.631,0.591,0.605,,,,0.4,0.601,0.7,0.646,0.655,0.666,0.696,0.62,0.565,,,,0.468,0.474,0.496,0.546,0.563,0.53,0.491,0.472,0.461
79200 s,0.343,0.382,0.388,0.394,0.393,0.394,0.434,0.428,0.407,0.113,0.097,0.092,0.358,0.283,0.285,0.289,0.273,0.281,0.451,0.433,0.629,,,,0.341,0.339,0.337,0.434,0.382,0.525,0.511,0.45,0.534,,,,0.345,0.451,0.569,0.184,0.274,0.4,0.52,0.483,0.559,,,,0.375,0.618,0.627,0.611,0.599,0.581,0.552,0.553,0.589,,,,0.378,0.664,0.621,0.627,0.637,0.659,0.633,0.594,0.593,,,,0.402,0.633,0.708,0.652,0.656,0.666,0.701,0.629,0.531,,,,0.46,0.476,0.491,0.542,0.553,0.527,0.49,0.465,0.459
81000 s,0.34,0.384,0.387,0.394,0.396,0.397,0.435,0.429,0.406,0.112,0.097,0.092,0.359,0.283,0.286,0.29,0.272,0.281,0.455,0.438,0.618,,,,0.344,0.342,0.34,0.438,0.382,0.525,0.511,0.452,0.54,,,,0.35,0.455,0.571,0.181,0.268,0.396,0.517,0.483,0.564,,,,0.375,0.636,0.628,0.612,0.601,0.58,0.55,0.554,0.589,,,,0.378,0.669,0.622,0.626,0.635,0.658,0.633,0.597,0.59,,,,0.405,0.645,0.716,0.654,0.653,0.665,0.712,0.639,0.504,,,,0.452,0.472,0.485,0.528,0.546,0.522,0.489,0.451,0.46
82800 s,0.336,0.386,0.39,0.396,0.397,0.398,0.437,0.431,0.407,0.112,0.097,0.092,0.359,0.283,0.29,0.292,0.271,0.28,0.457,0.443,0.623,,,,0.345,0.343,0.342,0.44,0.382,0.53,0.513,0.458,0.541,,,,0.354,0.467,0.579,0.18,0.266,0.395,0.515,0.491,0.565,,,,0.374,0.641,0.625,0.609,0.599,0.578,0.549,0.556,0.593,,,,0.378,0.673,0.623,0.626,0.635,0.657,0.634,0.6,0.586,,,,0.406,0.666,0.719,0.657,0.656,0.665,0.716,0.65,0.484,,,,0.441,0.464,0.476,0.516,0.539,0.515,0.489,0.431,0.457
84600 s,0.331,0.389,0.391,0.4,0.399,0.402,0.438,0.434,0.41,0.113,0.097,0.092,0.355,0.282,0.289,0.291,0.269,0.278,0.454,0.453,0.612,,,,0.348,0.346,0.343,0.441,0.381,0.531,0.516,0.464,0.551,,,,0.356,0.48,0.585,0.178,0.261,0.393,0.516,0.497,0.571,,,,0.374,0.661,0.629,0.61,0.601,0.577,0.547,0.561,0.582,,,,0.379,0.678,0.626,0.628,0.637,0.659,0.636,0.604,0.572,,,,0.408,0.695,0.724,0.666,0.66,0.669,0.721,0.659,0.46,,,,0.43,0.461,0.472,0.512,0.536,0.512,0.485,0.422,0.456
86400 s,0.326,0.392,0.394,0.402,0.403,0.405,0.44,0.437,0.412,0.114,0.098,0.092,0.352,0.282,0.293,0.292,0.268,0.277,0.453,0.458,0.624,,,,0.352,0.349,0.346,0.444,0.382,0.535,0.518,0.469,0.553,,,,0.358,0.483,0.584,0.176,0.256,0.39,0.518,0.499,0.571,,,,0.373,0.664,0.631,0.613,0.603,0.578,0.548,0.562,0.585,,,,0.379,0.683,0.627,0.628,0.637,0.66,0.637,0.606,0.582,,,,0.412,0.717,0.729,0.67,0.662,0.669,0.723,0.662,0.441,,,,0.42,0.453,0.468,0.505,0.516,0.508,0.476,0.403,0.461
Date of measurement: 03/26/2018/Time of measurement: 09:41:58,,,,,,,,,,,,,,,,,,,,,,,,,,,,,,,,,,,,,,,,,,,,,,,,,,,,,,,,,,,,,,,,,,,,,,,,,,,,,,,,,,,,,,,,,,,,,
Growth curve.mth,,,,,,,,,,,,,,,,,,,,,,,,,,,,,,,,,,,,,,,,,,,,,,,,,,,,,,,,,,,,,,,,,,,,,,,,,,,,,,,,,,,,,,,,,,,,,
SUNRISE,,,,,,,,,,,,,,,,,,,,,,,,,,,,,,,,,,,,,,,,,,,,,,,,,,,,,,,,,,,,,,,,,,,,,,,,,,,,,,,,,,,,,,,,,,,,,
Instrument serial number: 704000038,,,,,,,,,,,,,,,,,,,,,,,,,,,,,,,,,,,,,,,,,,,,,,,,,,,,,,,,,,,,,,,,,,,,,,,,,,,,,,,,,,,,,,,,,,,,,
Measurement mode: Absorbance,,,,,,,,,,,,,,,,,,,,,,,,,,,,,,,,,,,,,,,,,,,,,,,,,,,,,,,,,,,,,,,,,,,,,,,,,,,,,,,,,,,,,,,,,,,,,
Measurement wavelength: 595 nm,,,,,,,,,,,,,,,,,,,,,,,,,,,,,,,,,,,,,,,,,,,,,,,,,,,,,,,,,,,,,,,,,,,,,,,,,,,,,,,,,,,,,,,,,,,,,
Read mode: Center,,,,,,,,,,,,,,,,,,,,,,,,,,,,,,,,,,,,,,,,,,,,,,,,,,,,,,,,,,,,,,,,,,,,,,,,,,,,,,,,,,,,,,,,,,,,,
Number of kinetic cycles: 49,,,,,,,,,,,,,,,,,,,,,,,,,,,,,,,,,,,,,,,,,,,,,,,,,,,,,,,,,,,,,,,,,,,,,,,,,,,,,,,,,,,,,,,,,,,,,
Kinetic interval: 1800 s,,,,,,,,,,,,,,,,,,,,,,,,,,,,,,,,,,,,,,,,,,,,,,,,,,,,,,,,,,,,,,,,,,,,,,,,,,,,,,,,,,,,,,,,,,,,,
Valid temparature range: 40 - 44 Â°C,,,,,,,,,,,,,,,,,,,,,,,,,,,,,,,,,,,,,,,,,,,,,,,,,,,,,,,,,,,,,,,,,,,,,,,,,,,,,,,,,,,,,,,,,,,,,
Shake duration (Inside Normal): 60 s,,,,,,,,,,,,,,,,,,,,,,,,,,,,,,,,,,,,,,,,,,,,,,,,,,,,,,,,,,,,,,,,,,,,,,,,,,,,,,,,,,,,,,,,,,,,,
Shake settle time: 5 s,,,,,,,,,,,,,,,,,,,,,,,,,,,,,,,,,,,,,,,,,,,,,,,,,,,,,,,,,,,,,,,,,,,,,,,,,,,,,,,,,,,,,,,,,,,,,
Shake duration between cycles (Inside High): 60 s,,,,,,,,,,,,,,,,,,,,,,,,,,,,,,,,,,,,,,,,,,,,,,,,,,,,,,,,,,,,,,,,,,,,,,,,,,,,,,,,,,,,,,,,,,,,,
Shake settle time between cycles: 5 s,,,,,,,,,,,,,,,,,,,,,,,,,,,,,,,,,,,,,,,,,,,,,,,,,,,,,,,,,,,,,,,,,,,,,,,,,,,,,,,,,,,,,,,,,,,,,
Unit: OD,,,,,,,,,,,,,,,,,,,,,,,,,,,,,,,,,,,,,,,,,,,,,,,,,,,,,,,,,,,,,,,,,,,,,,,,,,,,,,,,,,,,,,,,,,,,,
